"","Date","Time","Block","Trial","a","b","c","Xpos_cursor","Ypos_cursor","Xpos_dot","Ypos_dot","time"
"1","03-Mar-2020","14:05:36",1,1,1,2,5,1398,648,1398,551,1
"2","03-Mar-2020","14:05:36",1,1,1,2,5,1398,648,1401,551,2
"3","03-Mar-2020","14:05:36",1,1,1,2,5,1398,648,1430,551,3
"4","03-Mar-2020","14:05:36",1,1,1,2,5,1398,648,1456,551,4
"5","03-Mar-2020","14:05:36",1,1,1,2,5,1398,648,1477,551,5
"6","03-Mar-2020","14:05:36",1,1,1,2,5,1398,648,1493,551,6
"7","03-Mar-2020","14:05:36",1,1,1,2,5,1398,648,1502,551,7
"8","03-Mar-2020","14:05:36",1,1,1,2,5,1398,648,1503,551,8
"9","03-Mar-2020","14:05:36",1,1,1,2,5,1398,648,1498,551,9
"10","03-Mar-2020","14:05:36",1,1,1,2,5,1398,648,1485,551,10
"11","03-Mar-2020","14:05:36",1,1,1,2,5,1398,648,1464,551,11
"12","03-Mar-2020","14:05:36",1,1,1,2,5,1398,648,1436,551,12
"13","03-Mar-2020","14:05:36",1,1,1,2,5,1392,648,1400,551,13
"14","03-Mar-2020","14:05:36",1,1,1,2,5,1389,648,1358,551,14
"15","03-Mar-2020","14:05:36",1,1,1,2,5,1387,650,1309,551,15
"16","03-Mar-2020","14:05:36",1,1,1,2,5,1385,651,1254,551,16
"17","03-Mar-2020","14:05:36",1,1,1,2,5,1383,651,1194,551,17
"18","03-Mar-2020","14:05:36",1,1,1,2,5,1383,651,1130,551,18
"19","03-Mar-2020","14:05:36",1,1,1,2,5,1383,651,1064,551,19
"20","03-Mar-2020","14:05:36",1,1,1,2,5,1388,651,994,551,20
"21","03-Mar-2020","14:05:36",1,1,1,2,5,1397,649,925,551,21
"22","03-Mar-2020","14:05:36",1,1,1,2,5,1417,648,856,551,22
"23","03-Mar-2020","14:05:36",1,1,1,2,5,1428,647,787,551,23
"24","03-Mar-2020","14:05:36",1,1,1,2,5,1429,647,722,551,24
"25","03-Mar-2020","14:05:36",1,1,1,2,5,1429,647,661,551,25
"26","03-Mar-2020","14:05:36",1,1,1,2,5,1410,645,604,551,26
"27","03-Mar-2020","14:05:36",1,1,1,2,5,1346,637,554,551,27
"28","03-Mar-2020","14:05:36",1,1,1,2,5,1169,616,511,551,28
"29","03-Mar-2020","14:05:36",1,1,1,2,5,965,611,475,551,29
"30","03-Mar-2020","14:05:36",1,1,1,2,5,881,603,446,551,30
"31","03-Mar-2020","14:05:36",1,1,1,2,5,813,597,426,551,31
"32","03-Mar-2020","14:05:36",1,1,1,2,5,781,597,414,551,32
"33","03-Mar-2020","14:05:36",1,1,1,2,5,768,597,411,551,33
"34","03-Mar-2020","14:05:36",1,1,1,2,5,760,599,416,551,34
"35","03-Mar-2020","14:05:36",1,1,1,2,5,754,600,428,551,35
"36","03-Mar-2020","14:05:36",1,1,1,2,5,748,602,449,551,36
"37","03-Mar-2020","14:05:36",1,1,1,2,5,740,603,475,551,37
"38","03-Mar-2020","14:05:36",1,1,1,2,5,722,605,507,551,38
"39","03-Mar-2020","14:05:36",1,1,1,2,5,690,605,544,551,39
"40","03-Mar-2020","14:05:36",1,1,1,2,5,668,601,585,551,40
"41","03-Mar-2020","14:05:36",1,1,1,2,5,654,601,629,551,41
"42","03-Mar-2020","14:05:36",1,1,1,2,5,653,601,674,551,42
"43","03-Mar-2020","14:05:36",1,1,1,2,5,653,601,719,551,43
"44","03-Mar-2020","14:05:36",1,1,1,2,5,653,601,763,551,44
"45","03-Mar-2020","14:05:36",1,1,1,2,5,653,601,805,551,45
"46","03-Mar-2020","14:05:36",1,1,1,2,5,654,601,844,551,46
"47","03-Mar-2020","14:05:36",1,1,1,2,5,683,604,879,551,47
"48","03-Mar-2020","14:05:36",1,1,1,2,5,788,611,909,551,48
"49","03-Mar-2020","14:05:36",1,1,1,2,5,959,621,933,551,49
"50","03-Mar-2020","14:05:36",1,1,1,2,5,1066,625,951,551,50
"51","03-Mar-2020","14:05:36",1,1,1,2,5,1205,638,963,551,51
"52","03-Mar-2020","14:05:36",1,1,1,2,5,1277,654,968,551,52
"53","03-Mar-2020","14:05:36",1,1,1,2,5,1293,657,966,551,53
"54","03-Mar-2020","14:05:36",1,1,1,2,5,1293,658,958,551,54
"55","03-Mar-2020","14:05:36",1,1,1,2,5,1274,658,944,551,55
"56","03-Mar-2020","14:05:36",1,1,1,2,5,1240,654,924,551,56
"57","03-Mar-2020","14:05:36",1,1,1,2,5,1183,645,898,551,57
"58","03-Mar-2020","14:05:36",1,1,1,2,5,1105,640,869,551,58
"59","03-Mar-2020","14:05:36",1,1,1,2,5,1048,631,836,551,59
"60","03-Mar-2020","14:05:36",1,1,1,2,5,985,627,801,551,60
"61","03-Mar-2020","14:05:36",1,1,1,2,5,898,621,765,551,61
"62","03-Mar-2020","14:05:36",1,1,1,2,5,828,615,728,551,62
"63","03-Mar-2020","14:05:36",1,1,1,2,5,792,612,693,551,63
"64","03-Mar-2020","14:05:36",1,1,1,2,5,747,608,659,551,64
"65","03-Mar-2020","14:05:36",1,1,1,2,5,712,607,628,551,65
"66","03-Mar-2020","14:05:36",1,1,1,2,5,688,604,601,551,66
"67","03-Mar-2020","14:05:36",1,1,1,2,5,644,599,579,551,67
"68","03-Mar-2020","14:05:36",1,1,1,2,5,599,596,563,551,68
"69","03-Mar-2020","14:05:36",1,1,1,2,5,562,593,553,551,69
"70","03-Mar-2020","14:05:36",1,1,1,2,5,516,586,550,551,70
"71","03-Mar-2020","14:05:36",1,1,1,2,5,477,585,554,551,71
"72","03-Mar-2020","14:05:36",1,1,1,2,5,465,584,566,551,72
"73","03-Mar-2020","14:05:36",1,1,1,2,5,465,584,585,551,73
"74","03-Mar-2020","14:05:36",1,1,1,2,5,465,584,611,551,74
"75","03-Mar-2020","14:05:36",1,1,1,2,5,465,584,645,551,75
"76","03-Mar-2020","14:05:36",1,1,1,2,5,465,584,686,551,76
"77","03-Mar-2020","14:05:36",1,1,1,2,5,465,584,733,551,77
"78","03-Mar-2020","14:05:36",1,1,1,2,5,472,584,785,551,78
"79","03-Mar-2020","14:05:36",1,1,1,2,5,491,584,842,551,79
"80","03-Mar-2020","14:05:36",1,1,1,2,5,537,584,904,551,80
"81","03-Mar-2020","14:05:36",1,1,1,2,5,581,586,967,551,81
"82","03-Mar-2020","14:05:36",1,1,1,2,5,634,594,1033,551,82
"83","03-Mar-2020","14:05:36",1,1,1,2,5,700,604,1100,551,83
"84","03-Mar-2020","14:05:36",1,1,1,2,5,813,618,1167,551,84
"85","03-Mar-2020","14:05:36",1,1,1,2,5,871,628,1232,551,85
"86","03-Mar-2020","14:05:36",1,1,1,2,5,897,635,1295,551,86
"87","03-Mar-2020","14:05:36",1,1,1,2,5,934,642,1354,551,87
"88","03-Mar-2020","14:05:36",1,1,1,2,5,962,646,1410,551,88
"89","03-Mar-2020","14:05:36",1,1,1,2,5,1005,648,1463,551,89
"90","03-Mar-2020","14:05:36",1,1,1,2,5,1035,652,1505,551,90
"91","03-Mar-2020","14:05:36",1,1,1,2,5,1111,659,1544,551,91
"92","03-Mar-2020","14:05:36",1,1,1,2,5,1156,666,1575,551,92
"93","03-Mar-2020","14:05:36",1,1,1,2,5,1175,670,1599,551,93
"94","03-Mar-2020","14:05:36",1,1,1,2,5,1201,673,1615,551,94
"95","03-Mar-2020","14:05:36",1,1,1,2,5,1207,674,1623,551,95
"96","03-Mar-2020","14:05:36",1,1,1,2,5,1207,674,1623,551,96
"97","03-Mar-2020","14:05:36",1,1,1,2,5,1207,674,1615,551,97
"98","03-Mar-2020","14:05:36",1,1,1,2,5,1207,674,1600,551,98
"99","03-Mar-2020","14:05:36",1,1,1,2,5,1207,674,1577,551,99
"100","03-Mar-2020","14:05:36",1,1,1,2,5,1222,676,1547,551,100
"101","03-Mar-2020","14:05:36",1,1,1,2,5,1276,683,1512,551,101
"102","03-Mar-2020","14:05:36",1,1,1,2,5,1336,687,1470,551,102
"103","03-Mar-2020","14:05:36",1,1,1,2,5,1367,692,1423,551,103
"104","03-Mar-2020","14:05:36",1,1,1,2,5,1388,694,1372,551,104
"105","03-Mar-2020","14:05:36",1,1,1,2,5,1388,694,1318,551,105
"106","03-Mar-2020","14:05:36",1,1,1,2,5,1385,694,1261,551,106
"107","03-Mar-2020","14:05:36",1,1,1,2,5,1383,694,1202,551,107
"108","03-Mar-2020","14:05:36",1,1,1,2,5,1382,694,1142,551,108
"109","03-Mar-2020","14:05:36",1,1,1,2,5,1380,694,1082,551,109
"110","03-Mar-2020","14:05:36",1,1,1,2,5,1373,694,1022,551,110
"111","03-Mar-2020","14:05:36",1,1,1,2,5,1337,692,965,551,111
"112","03-Mar-2020","14:05:36",1,1,1,2,5,1255,682,908,551,112
"113","03-Mar-2020","14:05:36",1,1,1,2,5,1177,672,856,551,113
"114","03-Mar-2020","14:05:36",1,1,1,2,5,1021,642,807,551,114
"115","03-Mar-2020","14:05:36",1,1,1,2,5,873,622,761,551,115
"116","03-Mar-2020","14:05:36",1,1,1,2,5,812,614,720,551,116
"117","03-Mar-2020","14:05:36",1,1,1,2,5,754,603,684,551,117
"118","03-Mar-2020","14:05:36",1,1,1,2,5,725,600,653,551,118
"119","03-Mar-2020","14:05:36",1,1,1,2,5,713,599,627,551,119
"120","03-Mar-2020","14:05:36",1,1,1,2,5,703,599,607,551,120
"121","03-Mar-2020","14:05:36",1,1,1,2,5,687,596,592,551,121
"122","03-Mar-2020","14:05:36",1,1,1,2,5,665,595,583,551,122
"123","03-Mar-2020","14:05:36",1,1,1,2,5,651,594,579,551,123
"124","03-Mar-2020","14:05:36",1,1,1,2,5,645,594,580,551,124
"125","03-Mar-2020","14:05:36",1,1,1,2,5,645,594,585,551,125
"126","03-Mar-2020","14:05:36",1,1,1,2,5,645,594,596,551,126
"127","03-Mar-2020","14:05:36",1,1,1,2,5,645,594,610,551,127
"128","03-Mar-2020","14:05:36",1,1,1,2,5,647,594,628,551,128
"129","03-Mar-2020","14:05:36",1,1,1,2,5,655,594,649,551,129
"130","03-Mar-2020","14:05:36",1,1,1,2,5,665,594,673,551,130
"131","03-Mar-2020","14:05:36",1,1,1,2,5,694,593,698,551,131
"132","03-Mar-2020","14:05:36",1,1,1,2,5,713,593,725,551,132
"133","03-Mar-2020","14:05:36",1,1,1,2,5,717,593,754,551,133
"134","03-Mar-2020","14:05:36",1,1,1,2,5,722,593,782,551,134
"135","03-Mar-2020","14:05:36",1,1,1,2,5,733,594,811,551,135
"136","03-Mar-2020","14:05:36",1,1,1,2,5,750,595,839,551,136
"137","03-Mar-2020","14:05:36",1,1,1,2,5,790,601,866,551,137
"138","03-Mar-2020","14:05:36",1,1,1,2,5,827,606,892,551,138
"139","03-Mar-2020","14:05:36",1,1,1,2,5,848,609,915,551,139
"140","03-Mar-2020","14:05:36",1,1,1,2,5,873,612,937,551,140
"141","03-Mar-2020","14:05:36",1,1,1,2,5,904,615,955,551,141
"142","03-Mar-2020","14:05:36",1,1,1,2,5,920,618,971,551,142
"143","03-Mar-2020","14:05:36",1,1,1,2,5,924,618,985,551,143
"144","03-Mar-2020","14:05:36",1,1,1,2,5,927,619,995,551,144
"145","03-Mar-2020","14:05:36",1,1,1,2,5,929,619,1001,551,145
"146","03-Mar-2020","14:05:36",1,1,1,2,5,931,619,1005,551,146
"147","03-Mar-2020","14:05:36",1,1,1,2,5,936,619,1006,551,147
"148","03-Mar-2020","14:05:36",1,1,1,2,5,937,619,1004,551,148
"149","03-Mar-2020","14:05:36",1,1,1,2,5,937,619,999,551,149
"150","03-Mar-2020","14:05:36",1,1,1,2,5,937,619,992,551,150
"151","03-Mar-2020","14:05:36",1,1,1,2,5,937,619,983,551,151
"152","03-Mar-2020","14:05:36",1,1,1,2,5,934,619,972,551,152
"153","03-Mar-2020","14:05:36",1,1,1,2,5,914,619,960,551,153
"154","03-Mar-2020","14:05:36",1,1,1,2,5,883,615,947,551,154
"155","03-Mar-2020","14:05:36",1,1,1,2,5,853,609,934,551,155
"156","03-Mar-2020","14:05:36",1,1,1,2,5,829,609,921,551,156
"157","03-Mar-2020","14:05:36",1,1,1,2,5,803,602,908,551,157
"158","03-Mar-2020","14:05:36",1,1,1,2,5,788,602,896,551,158
"159","03-Mar-2020","14:05:36",1,1,1,2,5,785,601,885,551,159
"160","03-Mar-2020","14:05:36",1,1,1,2,5,779,601,876,551,160
"161","03-Mar-2020","14:05:36",1,1,1,2,5,775,601,868,551,161
"162","03-Mar-2020","14:05:36",1,1,1,2,5,770,600,863,551,162
"163","03-Mar-2020","14:05:36",1,1,1,2,5,754,597,860,551,163
"164","03-Mar-2020","14:05:36",1,1,1,2,5,733,593,860,551,164
"165","03-Mar-2020","14:05:36",1,1,1,2,5,717,590,863,551,165
"166","03-Mar-2020","14:05:36",1,1,1,2,5,708,589,869,551,166
"167","03-Mar-2020","14:05:36",1,1,1,2,5,694,587,879,551,167
"168","03-Mar-2020","14:05:36",1,1,1,2,5,691,587,891,551,168
"169","03-Mar-2020","14:05:36",1,1,1,2,5,691,587,907,551,169
"170","03-Mar-2020","14:05:36",1,1,1,2,5,691,587,927,551,170
"171","03-Mar-2020","14:05:36",1,1,1,2,5,691,587,949,551,171
"172","03-Mar-2020","14:05:36",1,1,1,2,5,691,587,974,551,172
"173","03-Mar-2020","14:05:36",1,1,1,2,5,692,587,1002,551,173
"174","03-Mar-2020","14:05:36",1,1,1,2,5,703,587,1032,551,174
"175","03-Mar-2020","14:05:36",1,1,1,2,5,711,587,1064,551,175
"176","03-Mar-2020","14:05:36",1,1,1,2,5,724,588,1098,551,176
"177","03-Mar-2020","14:05:36",1,1,1,2,5,752,592,1133,551,177
"178","03-Mar-2020","14:05:36",1,1,1,2,5,812,598,1168,551,178
"179","03-Mar-2020","14:05:36",1,1,1,2,5,871,602,1204,551,179
"180","03-Mar-2020","14:05:36",1,1,1,2,5,1005,619,1239,551,180
"181","03-Mar-2020","14:05:36",1,1,1,2,5,1176,643,1272,551,181
"182","03-Mar-2020","14:05:36",1,1,1,2,5,1293,667,1305,551,182
"183","03-Mar-2020","14:05:36",1,1,1,2,5,1400,683,1334,551,183
"184","03-Mar-2020","14:05:36",1,1,1,2,5,1451,689,1361,551,184
"185","03-Mar-2020","14:05:36",1,1,1,2,5,1478,690,1385,551,185
"186","03-Mar-2020","14:05:36",1,1,1,2,5,1480,690,1403,551,186
"187","03-Mar-2020","14:05:36",1,1,1,2,5,1480,690,1417,551,187
"188","03-Mar-2020","14:05:36",1,1,1,2,5,1480,690,1426,551,188
"189","03-Mar-2020","14:05:36",1,1,1,2,5,1480,690,1430,551,189
"190","03-Mar-2020","14:05:36",1,1,1,2,5,1480,690,1428,551,190
"191","03-Mar-2020","14:05:36",1,1,1,2,5,1480,690,1419,551,191
"192","03-Mar-2020","14:05:36",1,1,1,2,5,1480,690,1404,551,192
"193","03-Mar-2020","14:05:36",1,1,1,2,5,1469,691,1382,551,193
"194","03-Mar-2020","14:05:36",1,1,1,2,5,1444,689,1354,551,194
"195","03-Mar-2020","14:05:36",1,1,1,2,5,1401,688,1319,551,195
"196","03-Mar-2020","14:05:36",1,1,1,2,5,1356,685,1279,551,196
"197","03-Mar-2020","14:05:36",1,1,1,2,5,1246,669,1233,551,197
"198","03-Mar-2020","14:05:36",1,1,1,2,5,1159,648,1181,551,198
"199","03-Mar-2020","14:05:36",1,1,1,2,5,1125,643,1125,551,199
"200","03-Mar-2020","14:05:36",1,1,1,2,5,1101,639,1065,551,200
"201","03-Mar-2020","14:05:36",1,1,1,2,5,1080,636,1002,551,201
"202","03-Mar-2020","14:05:36",1,1,1,2,5,1060,634,936,551,202
"203","03-Mar-2020","14:05:36",1,1,1,2,5,1016,630,869,551,203
"204","03-Mar-2020","14:05:36",1,1,1,2,5,949,621,802,551,204
"205","03-Mar-2020","14:05:36",1,1,1,2,5,897,609,734,551,205
"206","03-Mar-2020","14:05:36",1,1,1,2,5,864,605,670,551,206
"207","03-Mar-2020","14:05:36",1,1,1,2,5,821,602,607,551,207
"208","03-Mar-2020","14:05:36",1,1,1,2,5,766,593,549,551,208
"209","03-Mar-2020","14:05:36",1,1,1,2,5,738,591,495,551,209
"210","03-Mar-2020","14:05:36",1,1,1,2,5,715,588,447,551,210
"211","03-Mar-2020","14:05:36",1,1,1,2,5,712,588,405,551,211
"212","03-Mar-2020","14:05:36",1,1,1,2,5,710,588,368,551,212
"213","03-Mar-2020","14:05:36",1,1,1,2,5,706,587,344,551,213
"214","03-Mar-2020","14:05:36",1,1,1,2,5,697,585,325,551,214
"215","03-Mar-2020","14:05:36",1,1,1,2,5,683,584,315,551,215
"216","03-Mar-2020","14:05:36",1,1,1,2,5,679,584,314,551,216
"217","03-Mar-2020","14:05:36",1,1,1,2,5,677,584,322,551,217
"218","03-Mar-2020","14:05:36",1,1,1,2,5,677,584,338,551,218
"219","03-Mar-2020","14:05:36",1,1,1,2,5,676,584,362,551,219
"220","03-Mar-2020","14:05:36",1,1,1,2,5,674,584,394,551,220
"221","03-Mar-2020","14:05:36",1,1,1,2,5,674,584,432,551,221
"222","03-Mar-2020","14:05:36",1,1,1,2,5,674,584,476,551,222
"223","03-Mar-2020","14:05:36",1,1,1,2,5,687,584,525,551,223
"224","03-Mar-2020","14:05:36",1,1,1,2,5,701,584,577,551,224
"225","03-Mar-2020","14:05:36",1,1,1,2,5,708,584,632,551,225
"226","03-Mar-2020","14:05:36",1,1,1,2,5,712,584,687,551,226
"227","03-Mar-2020","14:05:36",1,1,1,2,5,729,586,741,551,227
"228","03-Mar-2020","14:05:36",1,1,1,2,5,797,597,795,551,228
"229","03-Mar-2020","14:05:36",1,1,1,2,5,830,603,845,551,229
"230","03-Mar-2020","14:05:36",1,1,1,2,5,889,609,891,551,230
"231","03-Mar-2020","14:05:36",1,1,1,2,5,931,613,931,551,231
"232","03-Mar-2020","14:05:36",1,1,1,2,5,951,617,965,551,232
"233","03-Mar-2020","14:05:36",1,1,1,2,5,999,624,992,551,233
"234","03-Mar-2020","14:05:36",1,1,1,2,5,1061,630,1011,551,234
"235","03-Mar-2020","14:05:36",1,1,1,2,5,1084,633,1021,551,235
"236","03-Mar-2020","14:05:36",1,1,1,2,5,1109,639,1024,551,236
"237","03-Mar-2020","14:05:36",1,1,1,2,5,1115,641,1017,551,237
"238","03-Mar-2020","14:05:36",1,1,1,2,5,1119,642,1003,551,238
"239","03-Mar-2020","14:05:36",1,1,1,2,5,1127,644,982,551,239
"240","03-Mar-2020","14:05:36",1,1,1,2,5,1156,650,953,551,240
"241","03-Mar-2020","14:05:36",1,1,1,2,5,1191,654,919,551,241
"242","03-Mar-2020","14:05:36",1,1,1,2,5,1201,656,880,551,242
"243","03-Mar-2020","14:05:36",1,1,1,2,5,1205,657,839,551,243
"244","03-Mar-2020","14:05:36",1,1,1,2,5,1205,657,795,551,244
"245","03-Mar-2020","14:05:36",1,1,1,2,5,1205,657,752,551,245
"246","03-Mar-2020","14:05:36",1,1,1,2,5,1193,657,711,551,246
"247","03-Mar-2020","14:05:36",1,1,1,2,5,1147,651,672,551,247
"248","03-Mar-2020","14:05:36",1,1,1,2,5,1085,642,638,551,248
"249","03-Mar-2020","14:05:36",1,1,1,2,5,1007,635,609,551,249
"250","03-Mar-2020","14:05:36",1,1,1,2,5,912,623,588,551,250
"251","03-Mar-2020","14:05:36",1,1,1,2,5,855,619,574,551,251
"252","03-Mar-2020","14:05:36",1,1,1,2,5,819,613,568,551,252
"253","03-Mar-2020","14:05:36",1,1,1,2,5,766,607,571,551,253
"254","03-Mar-2020","14:05:36",1,1,1,2,5,724,602,584,551,254
"255","03-Mar-2020","14:05:36",1,1,1,2,5,707,601,605,551,255
"256","03-Mar-2020","14:05:36",1,1,1,2,5,695,600,635,551,256
"257","03-Mar-2020","14:05:36",1,1,1,2,5,691,599,673,551,257
"258","03-Mar-2020","14:05:36",1,1,1,2,5,690,599,719,551,258
"259","03-Mar-2020","14:05:36",1,1,1,2,5,690,599,772,551,259
"260","03-Mar-2020","14:05:36",1,1,1,2,5,690,599,830,551,260
"261","03-Mar-2020","14:05:36",1,1,1,2,5,690,599,892,551,261
"262","03-Mar-2020","14:05:36",1,1,1,2,5,690,599,958,551,262
"263","03-Mar-2020","14:05:36",1,1,1,2,5,690,599,1026,551,263
"264","03-Mar-2020","14:05:36",1,1,1,2,5,698,599,1096,551,264
"265","03-Mar-2020","14:05:36",1,1,1,2,5,765,609,1163,551,265
"266","03-Mar-2020","14:05:36",1,1,1,2,5,919,627,1229,551,266
"267","03-Mar-2020","14:05:36",1,1,1,2,5,1136,652,1292,551,267
"268","03-Mar-2020","14:05:36",1,1,1,2,5,1244,661,1352,551,268
"269","03-Mar-2020","14:05:36",1,1,1,2,5,1397,693,1406,551,269
"270","03-Mar-2020","14:05:36",1,1,1,2,5,1464,710,1454,551,270
"271","03-Mar-2020","14:05:36",1,1,1,2,5,1475,713,1495,551,271
"272","03-Mar-2020","14:05:36",1,1,1,2,5,1482,714,1529,551,272
"273","03-Mar-2020","14:05:36",1,1,1,2,5,1485,714,1556,551,273
"274","03-Mar-2020","14:05:36",1,1,1,2,5,1491,716,1575,551,274
"275","03-Mar-2020","14:05:36",1,1,1,2,5,1499,717,1585,551,275
"276","03-Mar-2020","14:05:36",1,1,1,2,5,1514,718,1588,551,276
"277","03-Mar-2020","14:05:36",1,1,1,2,5,1525,719,1583,551,277
"278","03-Mar-2020","14:05:36",1,1,1,2,5,1526,719,1571,551,278
"279","03-Mar-2020","14:05:36",1,1,1,2,5,1526,719,1552,551,279
"280","03-Mar-2020","14:05:36",1,1,1,2,5,1521,719,1526,551,280
"281","03-Mar-2020","14:05:36",1,1,1,2,5,1502,719,1493,551,281
"282","03-Mar-2020","14:05:36",1,1,1,2,5,1480,717,1458,551,282
"283","03-Mar-2020","14:05:36",1,1,1,2,5,1443,713,1417,551,283
"284","03-Mar-2020","14:05:36",1,1,1,2,5,1395,706,1373,551,284
"285","03-Mar-2020","14:05:36",1,1,1,2,5,1353,695,1325,551,285
"286","03-Mar-2020","14:05:36",1,1,1,2,5,1307,687,1275,551,286
"287","03-Mar-2020","14:05:36",1,1,1,2,5,1263,681,1224,551,287
"288","03-Mar-2020","14:05:36",1,1,1,2,5,1226,677,1171,551,288
"289","03-Mar-2020","14:05:36",1,1,1,2,5,1153,666,1120,551,289
"290","03-Mar-2020","14:05:36",1,1,1,2,5,1083,657,1068,551,290
"291","03-Mar-2020","14:05:36",1,1,1,2,5,1020,646,1018,551,291
"292","03-Mar-2020","14:05:36",1,1,1,2,5,976,636,970,551,292
"293","03-Mar-2020","14:05:36",1,1,1,2,5,945,632,924,551,293
"294","03-Mar-2020","14:05:36",1,1,1,2,5,914,629,881,551,294
"295","03-Mar-2020","14:05:36",1,1,1,2,5,899,627,841,551,295
"296","03-Mar-2020","14:05:36",1,1,1,2,5,884,624,804,551,296
"297","03-Mar-2020","14:05:36",1,1,1,2,5,865,622,771,551,297
"298","03-Mar-2020","14:05:36",1,1,1,2,5,856,620,742,551,298
"299","03-Mar-2020","14:05:36",1,1,1,2,5,846,619,717,551,299
"300","03-Mar-2020","14:05:36",1,1,1,2,5,845,618,696,551,300
"301","03-Mar-2020","14:05:36",1,1,1,2,5,843,617,678,551,301
"302","03-Mar-2020","14:05:36",1,1,1,2,5,842,617,666,551,302
"303","03-Mar-2020","14:05:36",1,1,1,2,5,841,617,657,551,303
"304","03-Mar-2020","14:05:36",1,1,1,2,5,841,617,651,551,304
"305","03-Mar-2020","14:05:36",1,1,1,2,5,841,617,650,551,305
"306","03-Mar-2020","14:05:36",1,1,1,2,5,841,617,652,551,306
"307","03-Mar-2020","14:05:36",1,1,1,2,5,841,617,657,551,307
"308","03-Mar-2020","14:05:36",1,1,1,2,5,841,617,665,551,308
"309","03-Mar-2020","14:05:36",1,1,1,2,5,841,617,677,551,309
"310","03-Mar-2020","14:05:36",1,1,1,2,5,841,617,691,551,310
"311","03-Mar-2020","14:05:36",1,1,1,2,5,841,616,707,551,311
"312","03-Mar-2020","14:05:36",1,1,1,2,5,832,614,726,551,312
"313","03-Mar-2020","14:05:36",1,1,1,2,5,802,611,745,551,313
"314","03-Mar-2020","14:05:36",1,1,1,2,5,777,609,767,551,314
"315","03-Mar-2020","14:05:36",1,1,1,2,5,770,609,789,551,315
"316","03-Mar-2020","14:05:36",1,1,1,2,5,766,609,813,551,316
"317","03-Mar-2020","14:05:36",1,1,1,2,5,765,609,836,551,317
"318","03-Mar-2020","14:05:36",1,1,1,2,5,765,609,860,551,318
"319","03-Mar-2020","14:05:36",1,1,1,2,5,765,609,884,551,319
"320","03-Mar-2020","14:05:36",1,1,1,2,5,766,609,908,551,320
"321","03-Mar-2020","14:05:36",1,1,1,2,5,774,609,930,551,321
"322","03-Mar-2020","14:05:36",1,1,1,2,5,783,609,952,551,322
"323","03-Mar-2020","14:05:36",1,1,1,2,5,803,611,972,551,323
"324","03-Mar-2020","14:05:36",1,1,1,2,5,845,613,990,551,324
"325","03-Mar-2020","14:05:36",1,1,1,2,5,877,615,1007,551,325
"326","03-Mar-2020","14:05:36",1,1,1,2,5,923,619,1022,551,326
"327","03-Mar-2020","14:05:36",1,1,1,2,5,945,624,1034,551,327
"328","03-Mar-2020","14:05:36",1,1,1,2,5,950,625,1044,551,328
"329","03-Mar-2020","14:05:36",1,1,1,2,5,953,625,1051,551,329
"330","03-Mar-2020","14:05:36",1,1,1,2,5,959,626,1056,551,330
"331","03-Mar-2020","14:05:36",1,1,1,2,5,966,627,1058,551,331
"332","03-Mar-2020","14:05:36",1,1,1,2,5,977,629,1057,551,332
"333","03-Mar-2020","14:05:36",1,1,1,2,5,978,629,1054,551,333
"334","03-Mar-2020","14:05:36",1,1,1,2,5,978,629,1048,551,334
"335","03-Mar-2020","14:05:36",1,1,1,2,5,977,629,1039,551,335
"336","03-Mar-2020","14:05:36",1,1,1,2,5,966,629,1029,551,336
"337","03-Mar-2020","14:05:36",1,1,1,2,5,959,629,1017,551,337
"338","03-Mar-2020","14:05:36",1,1,1,2,5,951,629,1003,551,338
"339","03-Mar-2020","14:05:36",1,1,1,2,5,935,627,989,551,339
"340","03-Mar-2020","14:05:36",1,1,1,2,5,909,623,975,551,340
"341","03-Mar-2020","14:05:36",1,1,1,2,5,886,620,962,551,341
"342","03-Mar-2020","14:05:36",1,1,1,2,5,865,617,950,551,342
"343","03-Mar-2020","14:05:36",1,1,1,2,5,847,615,939,551,343
"344","03-Mar-2020","14:05:36",1,1,1,2,5,824,610,931,551,344
"345","03-Mar-2020","14:05:36",1,1,1,2,5,804,607,924,551,345
"346","03-Mar-2020","14:05:36",1,1,1,2,5,782,605,920,551,346
"347","03-Mar-2020","14:05:36",1,1,1,2,5,741,601,918,551,347
"348","03-Mar-2020","14:05:36",1,1,1,2,5,710,598,919,551,348
"349","03-Mar-2020","14:05:36",1,1,1,2,5,669,594,923,551,349
"350","03-Mar-2020","14:05:36",1,1,1,2,5,633,586,929,551,350
"351","03-Mar-2020","14:05:36",1,1,1,2,5,614,582,939,551,351
"352","03-Mar-2020","14:05:36",1,1,1,2,5,598,580,951,551,352
"353","03-Mar-2020","14:05:36",1,1,1,2,5,590,578,967,551,353
"354","03-Mar-2020","14:05:36",1,1,1,2,5,586,578,984,551,354
"355","03-Mar-2020","14:05:36",1,1,1,2,5,585,578,1004,551,355
"356","03-Mar-2020","14:05:36",1,1,1,2,5,585,578,1027,551,356
"357","03-Mar-2020","14:05:36",1,1,1,2,5,585,578,1051,551,357
"358","03-Mar-2020","14:05:36",1,1,1,2,5,585,578,1076,551,358
"359","03-Mar-2020","14:05:36",1,1,1,2,5,587,578,1103,551,359
"360","03-Mar-2020","14:05:36",1,1,1,2,5,592,578,1131,551,360
"361","03-Mar-2020","14:05:36",1,1,1,2,5,596,578,1158,551,361
"362","03-Mar-2020","14:05:36",1,1,1,2,5,621,582,1185,551,362
"363","03-Mar-2020","14:05:36",1,1,1,2,5,662,586,1212,551,363
"364","03-Mar-2020","14:05:36",1,1,1,2,5,683,586,1237,551,364
"365","03-Mar-2020","14:05:36",1,1,1,2,5,709,590,1260,551,365
"366","03-Mar-2020","14:05:36",1,1,1,2,5,742,595,1281,551,366
"367","03-Mar-2020","14:05:36",1,1,1,2,5,785,599,1299,551,367
"368","03-Mar-2020","14:05:36",1,1,1,2,5,963,623,1314,551,368
"369","03-Mar-2020","14:05:36",1,1,1,2,5,1177,650,1325,551,369
"370","03-Mar-2020","14:05:36",1,1,1,2,5,1343,678,1331,551,370
"371","03-Mar-2020","14:05:36",1,1,1,2,5,1410,684,1333,551,371
"372","03-Mar-2020","14:05:36",1,1,1,2,5,1462,696,1330,551,372
"373","03-Mar-2020","14:05:36",1,1,1,2,5,1491,701,1321,551,373
"374","03-Mar-2020","14:05:36",1,1,1,2,5,1499,702,1307,551,374
"375","03-Mar-2020","14:05:36",1,1,1,2,5,1500,702,1288,551,375
"376","03-Mar-2020","14:05:36",1,1,1,2,5,1500,702,1263,551,376
"377","03-Mar-2020","14:05:36",1,1,1,2,5,1500,702,1231,551,377
"378","03-Mar-2020","14:05:36",1,1,1,2,5,1500,702,1196,551,378
"379","03-Mar-2020","14:05:36",1,1,1,2,5,1500,702,1155,551,379
"380","03-Mar-2020","14:05:36",1,1,1,2,5,1500,702,1109,551,380
"381","03-Mar-2020","14:05:36",1,1,1,2,5,1500,702,1059,551,381
"382","03-Mar-2020","14:05:36",1,1,1,2,5,1500,702,1004,551,382
"383","03-Mar-2020","14:05:36",1,1,1,2,5,1494,702,947,551,383
"384","03-Mar-2020","14:05:36",1,1,1,2,5,1458,699,888,551,384
"385","03-Mar-2020","14:05:36",1,1,1,2,5,1321,687,826,551,385
"386","03-Mar-2020","14:05:36",1,1,1,2,5,1068,661,764,551,386
"387","03-Mar-2020","14:05:36",1,1,1,2,5,821,638,702,551,387
"388","03-Mar-2020","14:05:36",1,1,1,2,5,725,623,642,551,388
"389","03-Mar-2020","14:05:36",1,1,1,2,5,647,612,583,551,389
"390","03-Mar-2020","14:05:36",1,1,1,2,5,630,610,527,551,390
"391","03-Mar-2020","14:05:36",1,1,1,2,5,627,610,475,551,391
"392","03-Mar-2020","14:05:36",1,1,1,2,5,625,610,428,551,392
"393","03-Mar-2020","14:05:36",1,1,1,2,5,624,610,387,551,393
"394","03-Mar-2020","14:05:36",1,1,1,2,5,622,610,352,551,394
"395","03-Mar-2020","14:05:36",1,1,1,2,5,619,610,324,551,395
"396","03-Mar-2020","14:05:36",1,1,1,2,5,618,610,304,551,396
"397","03-Mar-2020","14:05:36",1,1,1,2,5,618,610,292,551,397
"398","03-Mar-2020","14:05:36",1,1,1,2,5,618,610,288,551,398
"399","03-Mar-2020","14:05:36",1,1,1,2,5,621,610,293,551,399
"400","03-Mar-2020","14:05:36",1,1,1,2,5,637,610,306,551,400
"401","03-Mar-2020","14:05:36",1,1,1,2,5,650,610,328,551,401
"402","03-Mar-2020","14:05:36",1,1,1,2,5,685,610,358,551,402
"403","03-Mar-2020","14:05:36",1,1,1,2,5,722,614,394,551,403
"404","03-Mar-2020","14:05:36",1,1,1,2,5,760,619,442,551,404
"405","03-Mar-2020","14:05:36",1,1,1,2,5,795,626,488,551,405
"406","03-Mar-2020","14:05:36",1,1,1,2,5,848,631,542,551,406
"407","03-Mar-2020","14:05:36",1,1,1,2,5,938,641,601,551,407
"408","03-Mar-2020","14:05:36",1,1,1,2,5,976,649,662,551,408
"409","03-Mar-2020","14:05:36",1,1,1,2,5,1008,655,724,551,409
"410","03-Mar-2020","14:05:36",1,1,1,2,5,1039,663,787,551,410
"411","03-Mar-2020","14:05:36",1,1,1,2,5,1055,666,848,551,411
"412","03-Mar-2020","14:05:36",1,1,1,2,5,1093,668,907,551,412
"413","03-Mar-2020","14:05:36",1,1,1,2,5,1118,672,961,551,413
"414","03-Mar-2020","14:05:36",1,1,1,2,5,1130,674,1012,551,414
"415","03-Mar-2020","14:05:36",1,1,1,2,5,1136,675,1056,551,415
"416","03-Mar-2020","14:05:36",1,1,1,2,5,1138,676,1093,551,416
"417","03-Mar-2020","14:05:36",1,1,1,2,5,1154,678,1123,551,417
"418","03-Mar-2020","14:05:36",1,1,1,2,5,1174,679,1145,551,418
"419","03-Mar-2020","14:05:36",1,1,1,2,5,1198,682,1159,551,419
"420","03-Mar-2020","14:05:36",1,1,1,2,5,1218,686,1164,551,420
"421","03-Mar-2020","14:05:36",1,1,1,2,5,1227,687,1160,551,421
"422","03-Mar-2020","14:05:36",1,1,1,2,5,1239,688,1149,551,422
"423","03-Mar-2020","14:05:36",1,1,1,2,5,1255,691,1131,551,423
"424","03-Mar-2020","14:05:36",1,1,1,2,5,1273,692,1106,551,424
"425","03-Mar-2020","14:05:36",1,1,1,2,5,1287,694,1075,551,425
"426","03-Mar-2020","14:05:36",1,1,1,2,5,1287,694,1040,551,426
"427","03-Mar-2020","14:05:36",1,1,1,2,5,1287,694,1002,551,427
"428","03-Mar-2020","14:05:36",1,1,1,2,5,1287,694,962,551,428
"429","03-Mar-2020","14:05:36",1,1,1,2,5,1277,693,922,551,429
"430","03-Mar-2020","14:05:36",1,1,1,2,5,1224,684,883,551,430
"431","03-Mar-2020","14:05:36",1,1,1,2,5,1151,680,847,551,431
"432","03-Mar-2020","14:05:36",1,1,1,2,5,995,665,814,551,432
"433","03-Mar-2020","14:05:36",1,1,1,2,5,851,644,787,551,433
"434","03-Mar-2020","14:05:36",1,1,1,2,5,756,631,766,551,434
"435","03-Mar-2020","14:05:36",1,1,1,2,5,675,619,754,551,435
"436","03-Mar-2020","14:05:36",1,1,1,2,5,621,613,750,551,436
"437","03-Mar-2020","14:05:36",1,1,1,2,5,591,609,755,551,437
"438","03-Mar-2020","14:05:36",1,1,1,2,5,559,607,768,551,438
"439","03-Mar-2020","14:05:36",1,1,1,2,5,535,604,792,551,439
"440","03-Mar-2020","14:05:36",1,1,1,2,5,527,604,821,551,440
"441","03-Mar-2020","14:05:36",1,1,1,2,5,526,604,858,551,441
"442","03-Mar-2020","14:05:36",1,1,1,2,5,526,604,902,551,442
"443","03-Mar-2020","14:05:36",1,1,1,2,5,527,604,952,551,443
"444","03-Mar-2020","14:05:36",1,1,1,2,5,537,604,1006,551,444
"445","03-Mar-2020","14:05:36",1,1,1,2,5,582,604,1064,551,445
"446","03-Mar-2020","14:05:36",1,1,1,2,5,686,610,1124,551,446
"447","03-Mar-2020","14:05:36",1,1,1,2,5,771,620,1185,551,447
"448","03-Mar-2020","14:05:36",1,1,1,2,5,866,635,1246,551,448
"449","03-Mar-2020","14:05:36",1,1,1,2,5,922,642,1306,551,449
"450","03-Mar-2020","14:05:36",1,1,1,2,5,952,647,1363,551,450
"451","03-Mar-2020","14:05:36",1,1,1,2,5,1002,656,1417,551,451
"452","03-Mar-2020","14:05:36",1,1,1,2,5,1104,664,1467,551,452
"453","03-Mar-2020","14:05:36",1,1,1,2,5,1134,668,1511,551,453
"454","03-Mar-2020","14:05:36",1,1,1,2,5,1166,673,1549,551,454
"455","03-Mar-2020","14:05:36",1,1,1,2,5,1194,678,1580,551,455
"456","03-Mar-2020","14:05:36",1,1,1,2,5,1215,684,1604,551,456
"457","03-Mar-2020","14:05:36",1,1,1,2,5,1234,688,1620,551,457
"458","03-Mar-2020","14:05:36",1,1,1,2,5,1275,693,1629,551,458
"459","03-Mar-2020","14:05:36",1,1,1,2,5,1293,696,1629,551,459
"460","03-Mar-2020","14:05:36",1,1,1,2,5,1295,696,1621,551,460
"461","03-Mar-2020","14:05:36",1,1,1,2,5,1295,696,1605,551,461
"462","03-Mar-2020","14:05:36",1,1,1,2,5,1295,696,1581,551,462
"463","03-Mar-2020","14:05:36",1,1,1,2,5,1295,696,1549,551,463
"464","03-Mar-2020","14:05:36",1,1,1,2,5,1296,696,1512,551,464
"465","03-Mar-2020","14:05:36",1,1,1,2,5,1296,696,1468,551,465
"466","03-Mar-2020","14:05:36",1,1,1,2,5,1296,696,1418,551,466
"467","03-Mar-2020","14:05:36",1,1,1,2,5,1296,696,1363,551,467
"468","03-Mar-2020","14:05:36",1,1,1,2,5,1283,696,1305,551,468
"469","03-Mar-2020","14:05:36",1,1,1,2,5,1237,691,1243,551,469
"470","03-Mar-2020","14:05:36",1,1,1,2,5,1168,679,1178,551,470
"471","03-Mar-2020","14:05:36",1,1,1,2,5,1033,658,1113,551,471
"472","03-Mar-2020","14:05:36",1,1,1,2,5,928,650,1048,551,472
"473","03-Mar-2020","14:05:36",1,1,1,2,5,860,642,979,551,473
"474","03-Mar-2020","14:05:36",1,1,1,2,5,835,638,918,551,474
"475","03-Mar-2020","14:05:36",1,1,1,2,5,807,633,857,551,475
"476","03-Mar-2020","14:05:36",1,1,1,2,5,765,630,799,551,476
"477","03-Mar-2020","14:05:36",1,1,1,2,5,732,620,744,551,477
"478","03-Mar-2020","14:05:36",1,1,1,2,5,672,610,694,551,478
"479","03-Mar-2020","14:05:36",1,1,1,2,5,605,600,650,551,479
"480","03-Mar-2020","14:05:36",1,1,1,2,5,566,594,611,551,480
"481","03-Mar-2020","14:05:36",1,1,1,2,5,536,589,578,551,481
"482","03-Mar-2020","14:05:36",1,1,1,2,5,521,585,552,551,482
"483","03-Mar-2020","14:05:36",1,1,1,2,5,508,584,532,551,483
"484","03-Mar-2020","14:05:36",1,1,1,2,5,507,584,519,551,484
"485","03-Mar-2020","14:05:36",1,1,1,2,5,507,584,513,551,485
"486","03-Mar-2020","14:05:36",1,1,1,2,5,510,584,513,551,486
"487","03-Mar-2020","14:05:36",1,1,1,2,5,517,584,519,551,487
"488","03-Mar-2020","14:05:36",1,1,1,2,5,535,585,531,551,488
"489","03-Mar-2020","14:05:36",1,1,1,2,5,552,587,548,551,489
"490","03-Mar-2020","14:05:36",1,1,1,2,5,568,589,571,551,490
"491","03-Mar-2020","14:05:36",1,1,1,2,5,607,593,597,551,491
"492","03-Mar-2020","14:05:36",1,1,1,2,5,669,601,627,551,492
"493","03-Mar-2020","14:05:36",1,1,1,2,5,749,612,661,551,493
"494","03-Mar-2020","14:05:36",1,1,1,2,5,804,619,695,551,494
"495","03-Mar-2020","14:05:36",1,1,1,2,5,852,623,730,551,495
"496","03-Mar-2020","14:05:36",1,1,1,2,5,876,623,766,551,496
"497","03-Mar-2020","14:05:36",1,1,1,2,5,883,623,802,551,497
"498","03-Mar-2020","14:05:36",1,1,1,2,5,888,624,835,551,498
"499","03-Mar-2020","14:05:36",1,1,1,2,5,892,625,866,551,499
"500","03-Mar-2020","14:05:36",1,1,1,2,5,896,625,894,551,500
"501","03-Mar-2020","14:05:36",1,1,1,2,5,900,626,919,551,501
"502","03-Mar-2020","14:05:36",1,1,1,2,5,910,628,939,551,502
"503","03-Mar-2020","14:05:36",1,1,1,2,5,920,629,954,551,503
"504","03-Mar-2020","14:05:36",1,1,1,2,5,930,630,964,551,504
"505","03-Mar-2020","14:05:36",1,1,1,2,5,950,633,969,551,505
"506","03-Mar-2020","14:05:36",1,1,1,2,5,964,636,968,551,506
"507","03-Mar-2020","14:05:36",1,1,1,2,5,969,636,961,551,507
"508","03-Mar-2020","14:05:36",1,1,1,2,5,969,636,950,551,508
"509","03-Mar-2020","14:05:36",1,1,1,2,5,969,636,933,551,509
"510","03-Mar-2020","14:05:36",1,1,1,2,5,969,636,911,551,510
"511","03-Mar-2020","14:05:36",1,1,1,2,5,969,636,886,551,511
"512","03-Mar-2020","14:05:36",1,1,1,2,5,948,635,857,551,512
"513","03-Mar-2020","14:05:36",1,1,1,2,5,923,634,825,551,513
"514","03-Mar-2020","14:05:36",1,1,1,2,5,910,633,792,551,514
"515","03-Mar-2020","14:05:36",1,1,1,2,5,886,628,757,551,515
"516","03-Mar-2020","14:05:36",1,1,1,2,5,857,623,723,551,516
"517","03-Mar-2020","14:05:36",1,1,1,2,5,837,620,690,551,517
"518","03-Mar-2020","14:05:36",1,1,1,2,5,800,616,659,551,518
"519","03-Mar-2020","14:05:36",1,1,1,2,5,753,611,631,551,519
"520","03-Mar-2020","14:05:36",1,1,1,2,5,724,607,608,551,520
"521","03-Mar-2020","14:05:36",1,1,1,2,5,677,602,589,551,521
"522","03-Mar-2020","14:05:36",1,1,1,2,5,616,596,577,551,522
"523","03-Mar-2020","14:05:36",1,1,1,2,5,578,590,571,551,523
"524","03-Mar-2020","14:05:36",1,1,1,2,5,531,584,572,551,524
"525","03-Mar-2020","14:05:36",1,1,1,2,5,501,581,581,551,525
"526","03-Mar-2020","14:05:36",1,1,1,2,5,486,580,597,551,526
"527","03-Mar-2020","14:05:36",1,1,1,2,5,484,580,622,551,527
"528","03-Mar-2020","14:05:36",1,1,1,2,5,481,579,654,551,528
"529","03-Mar-2020","14:05:36",1,1,1,2,5,474,577,693,551,529
"530","03-Mar-2020","14:05:36",1,1,1,2,5,468,576,740,551,530
"531","03-Mar-2020","14:05:36",1,1,1,2,5,464,576,792,551,531
"532","03-Mar-2020","14:05:36",1,1,1,2,5,464,576,850,551,532
"533","03-Mar-2020","14:05:36",1,1,1,2,5,464,576,913,551,533
"534","03-Mar-2020","14:05:36",1,1,1,2,5,474,576,979,551,534
"535","03-Mar-2020","14:05:36",1,1,1,2,5,540,583,1046,551,535
"536","03-Mar-2020","14:05:36",1,1,1,2,5,614,589,1115,551,536
"537","03-Mar-2020","14:05:36",1,1,1,2,5,746,602,1182,551,537
"538","03-Mar-2020","14:05:36",1,1,1,2,5,843,614,1248,551,538
"539","03-Mar-2020","14:05:36",1,1,1,2,5,878,622,1310,551,539
"540","03-Mar-2020","14:05:36",1,1,1,2,5,891,623,1369,551,540
"541","03-Mar-2020","14:05:36",1,1,1,2,5,909,627,1421,551,541
"542","03-Mar-2020","14:05:36",1,1,1,2,5,928,627,1465,551,542
"543","03-Mar-2020","14:05:36",1,1,1,2,5,935,627,1503,551,543
"544","03-Mar-2020","14:05:36",1,1,1,2,5,944,627,1531,551,544
"545","03-Mar-2020","14:05:36",1,1,1,2,5,954,627,1551,551,545
"546","03-Mar-2020","14:05:36",1,1,1,2,5,965,629,1561,551,546
"547","03-Mar-2020","14:05:36",1,1,1,2,5,981,632,1562,551,547
"548","03-Mar-2020","14:05:36",1,1,1,2,5,1002,634,1554,551,548
"549","03-Mar-2020","14:05:36",1,1,1,2,5,1021,638,1537,551,549
"550","03-Mar-2020","14:05:36",1,1,1,2,5,1037,639,1511,551,550
"551","03-Mar-2020","14:05:36",1,1,1,2,5,1039,639,1478,551,551
"552","03-Mar-2020","14:05:36",1,1,1,2,5,1041,639,1439,551,552
"553","03-Mar-2020","14:05:36",1,1,1,2,5,1042,639,1395,551,553
"554","03-Mar-2020","14:05:36",1,1,1,2,5,1042,639,1347,551,554
"555","03-Mar-2020","14:05:36",1,1,1,2,5,1042,639,1296,551,555
"556","03-Mar-2020","14:05:36",1,1,1,2,5,1041,639,1244,551,556
"557","03-Mar-2020","14:05:36",1,1,1,2,5,1000,636,1193,551,557
"558","03-Mar-2020","14:05:36",1,1,1,2,5,952,629,1144,551,558
"559","03-Mar-2020","14:05:36",1,1,1,2,5,872,626,1094,551,559
"560","03-Mar-2020","14:05:36",1,1,1,2,5,824,617,1056,551,560
"561","03-Mar-2020","14:05:36",1,1,1,2,5,749,609,1021,551,561
"562","03-Mar-2020","14:05:36",1,1,1,2,5,709,605,993,551,562
"563","03-Mar-2020","14:05:36",1,1,1,2,5,684,602,972,551,563
"564","03-Mar-2020","14:05:36",1,1,1,2,5,663,602,959,551,564
"565","03-Mar-2020","14:05:36",1,1,1,2,5,655,602,955,551,565
"566","03-Mar-2020","14:05:36",1,1,1,2,5,652,602,959,551,566
"567","03-Mar-2020","14:05:36",1,1,1,2,5,650,602,971,551,567
"568","03-Mar-2020","14:05:36",1,1,1,2,5,647,602,991,551,568
"569","03-Mar-2020","14:05:36",1,1,1,2,5,643,601,1019,551,569
"570","03-Mar-2020","14:05:36",1,1,1,2,5,638,600,1052,551,570
"571","03-Mar-2020","14:05:36",1,1,1,2,5,631,599,1091,551,571
"572","03-Mar-2020","14:05:36",1,1,1,2,5,630,599,1133,551,572
"573","03-Mar-2020","14:05:36",1,1,1,2,5,630,599,1178,551,573
"574","03-Mar-2020","14:05:36",1,1,1,2,5,638,599,1224,551,574
"575","03-Mar-2020","14:05:36",1,1,1,2,5,704,602,1270,551,575
"576","03-Mar-2020","14:05:36",1,1,1,2,5,818,609,1314,551,576
"577","03-Mar-2020","14:05:36",1,1,1,2,5,995,630,1355,551,577
"578","03-Mar-2020","14:05:36",1,1,1,2,5,1105,644,1391,551,578
"579","03-Mar-2020","14:05:36",1,1,1,2,5,1198,663,1422,551,579
"580","03-Mar-2020","14:05:36",1,1,1,2,5,1254,674,1446,551,580
"581","03-Mar-2020","14:05:36",1,1,1,2,5,1306,684,1462,551,581
"582","03-Mar-2020","14:05:36",1,1,1,2,5,1339,689,1470,551,582
"583","03-Mar-2020","14:05:36",1,1,1,2,5,1349,692,1470,551,583
"584","03-Mar-2020","14:05:36",1,1,1,2,5,1350,692,1460,551,584
"585","03-Mar-2020","14:05:36",1,1,1,2,5,1350,692,1442,551,585
"586","03-Mar-2020","14:05:36",1,1,1,2,5,1350,692,1415,551,586
"587","03-Mar-2020","14:05:36",1,1,1,2,5,1350,692,1380,551,587
"588","03-Mar-2020","14:05:36",1,1,1,2,5,1350,692,1337,551,588
"589","03-Mar-2020","14:05:36",1,1,1,2,5,1350,692,1287,551,589
"590","03-Mar-2020","14:05:36",1,1,1,2,5,1350,692,1231,551,590
"591","03-Mar-2020","14:05:36",1,1,1,2,5,1350,692,1170,551,591
"592","03-Mar-2020","14:05:36",1,1,1,2,5,1350,692,1105,551,592
"593","03-Mar-2020","14:05:36",1,1,1,2,5,1343,691,1036,551,593
"594","03-Mar-2020","14:05:36",1,1,1,2,5,1286,681,967,551,594
"595","03-Mar-2020","14:05:36",1,1,1,2,5,1145,661,898,551,595
"596","03-Mar-2020","14:05:36",1,1,1,2,5,1013,650,824,551,596
"597","03-Mar-2020","14:05:36",1,1,1,2,5,956,645,761,551,597
"598","03-Mar-2020","14:05:36",1,1,1,2,5,907,639,697,551,598
"599","03-Mar-2020","14:05:36",1,1,1,2,5,889,635,636,551,599
"600","03-Mar-2020","14:05:36",1,1,1,2,5,886,635,580,551,600
"601","03-Mar-2020","14:05:36",1,1,1,2,5,883,635,530,551,601
"602","03-Mar-2020","14:05:36",1,1,1,2,5,882,635,486,551,602
"603","03-Mar-2020","14:05:36",1,1,1,2,5,880,634,448,551,603
"604","03-Mar-2020","14:05:36",1,1,1,2,5,872,633,418,551,604
"605","03-Mar-2020","14:05:36",1,1,1,2,5,860,632,394,551,605
"606","03-Mar-2020","14:05:36",1,1,1,2,5,841,631,378,551,606
"607","03-Mar-2020","14:05:36",1,1,1,2,5,831,629,370,551,607
"608","03-Mar-2020","14:05:36",1,1,1,2,5,812,627,370,551,608
"609","03-Mar-2020","14:05:36",1,1,1,2,5,784,621,376,551,609
"610","03-Mar-2020","14:05:36",1,1,1,2,5,772,620,389,551,610
"611","03-Mar-2020","14:05:36",1,1,1,2,5,760,618,409,551,611
"612","03-Mar-2020","14:05:36",1,1,1,2,5,749,616,435,551,612
"613","03-Mar-2020","14:05:36",1,1,1,2,5,738,615,466,551,613
"614","03-Mar-2020","14:05:36",1,1,1,2,5,706,611,501,551,614
"615","03-Mar-2020","14:05:36",1,1,1,2,5,659,606,541,551,615
"616","03-Mar-2020","14:05:36",1,1,1,2,5,622,601,584,551,616
"617","03-Mar-2020","14:05:36",1,1,1,2,5,569,594,629,551,617
"618","03-Mar-2020","14:05:36",1,1,1,2,5,541,589,676,551,618
"619","03-Mar-2020","14:05:36",1,1,1,2,5,538,589,724,551,619
"620","03-Mar-2020","14:05:36",1,1,1,2,5,538,589,771,551,620
"621","03-Mar-2020","14:05:36",1,1,1,2,5,538,589,818,551,621
"622","03-Mar-2020","14:05:36",1,1,1,2,5,558,589,864,551,622
"623","03-Mar-2020","14:05:36",1,1,1,2,5,574,589,908,551,623
"624","03-Mar-2020","14:05:36",1,1,1,2,5,587,591,949,551,624
"625","03-Mar-2020","14:05:36",1,1,1,2,5,595,592,987,551,625
"626","03-Mar-2020","14:05:36",1,1,1,2,5,602,594,1021,551,626
"627","03-Mar-2020","14:05:36",1,1,1,2,5,628,597,1051,551,627
"628","03-Mar-2020","14:05:36",1,1,1,2,5,719,600,1077,551,628
"629","03-Mar-2020","14:05:36",1,1,1,2,5,822,619,1099,551,629
"630","03-Mar-2020","14:05:36",1,1,1,2,5,975,634,1117,551,630
"631","03-Mar-2020","14:05:36",1,1,1,2,5,1076,647,1130,551,631
"632","03-Mar-2020","14:05:36",1,1,1,2,5,1098,654,1138,551,632
"633","03-Mar-2020","14:05:36",1,1,1,2,5,1108,657,1142,551,633
"634","03-Mar-2020","14:05:36",1,1,1,2,5,1119,659,1143,551,634
"635","03-Mar-2020","14:05:36",1,1,1,2,5,1130,660,1139,551,635
"636","03-Mar-2020","14:05:36",1,1,1,2,5,1131,660,1132,551,636
"637","03-Mar-2020","14:05:36",1,1,1,2,5,1131,660,1122,551,637
"638","03-Mar-2020","14:05:36",1,1,1,2,5,1127,660,1109,551,638
"639","03-Mar-2020","14:05:36",1,1,1,2,5,1125,660,1095,551,639
"640","03-Mar-2020","14:05:36",1,1,1,2,5,1121,660,1078,551,640
"641","03-Mar-2020","14:05:36",1,1,1,2,5,1111,660,1061,551,641
"642","03-Mar-2020","14:05:36",1,1,1,2,5,1096,659,1044,551,642
"643","03-Mar-2020","14:05:36",1,1,1,2,5,1068,656,1026,551,643
"644","03-Mar-2020","14:05:36",1,1,1,2,5,1047,653,1009,551,644
"645","03-Mar-2020","14:05:36",1,1,1,2,5,1008,646,993,551,645
"646","03-Mar-2020","14:05:36",1,1,1,2,5,985,643,978,551,646
"647","03-Mar-2020","14:05:36",1,1,1,2,5,938,639,965,551,647
"648","03-Mar-2020","14:05:36",1,1,1,2,5,904,635,955,551,648
"649","03-Mar-2020","14:05:36",1,1,1,2,5,884,631,947,551,649
"650","03-Mar-2020","14:05:36",1,1,1,2,5,853,628,943,551,650
"651","03-Mar-2020","14:05:36",1,1,1,2,5,831,625,941,551,651
"652","03-Mar-2020","14:05:36",1,1,1,2,5,816,622,942,551,652
"653","03-Mar-2020","14:05:36",1,1,1,2,5,797,618,947,551,653
"654","03-Mar-2020","14:05:36",1,1,1,2,5,794,618,955,551,654
"655","03-Mar-2020","14:05:36",1,1,1,2,5,794,618,966,551,655
"656","03-Mar-2020","14:05:36",1,1,1,2,5,794,618,980,551,656
"657","03-Mar-2020","14:05:36",1,1,1,2,5,804,618,997,551,657
"658","03-Mar-2020","14:05:36",1,1,1,2,5,844,622,1017,551,658
"659","03-Mar-2020","14:05:36",1,1,1,2,5,885,622,1039,551,659
"660","03-Mar-2020","14:05:36",1,1,1,2,5,958,632,1062,551,660
"661","03-Mar-2020","14:05:36",1,1,1,2,5,1004,638,1087,551,661
"662","03-Mar-2020","14:05:36",1,1,1,2,5,1027,640,1113,551,662
"663","03-Mar-2020","14:05:36",1,1,1,2,5,1048,644,1139,551,663
"664","03-Mar-2020","14:05:36",1,1,1,2,5,1074,647,1165,551,664
"665","03-Mar-2020","14:05:36",1,1,1,2,5,1114,653,1191,551,665
"666","03-Mar-2020","14:05:36",1,1,1,2,5,1153,660,1214,551,666
"667","03-Mar-2020","14:05:36",1,1,1,2,5,1212,668,1236,551,667
"668","03-Mar-2020","14:05:36",1,1,1,2,5,1257,672,1256,551,668
"669","03-Mar-2020","14:05:36",1,1,1,2,5,1292,677,1273,551,669
"670","03-Mar-2020","14:05:36",1,1,1,2,5,1362,685,1287,551,670
"671","03-Mar-2020","14:05:36",1,1,1,2,5,1423,692,1296,551,671
"672","03-Mar-2020","14:05:36",1,1,1,2,5,1445,697,1302,551,672
"673","03-Mar-2020","14:05:36",1,1,1,2,5,1465,702,1303,551,673
"674","03-Mar-2020","14:05:36",1,1,1,2,5,1472,703,1299,551,674
"675","03-Mar-2020","14:05:36",1,1,1,2,5,1478,704,1291,551,675
"676","03-Mar-2020","14:05:36",1,1,1,2,5,1483,706,1277,551,676
"677","03-Mar-2020","14:05:36",1,1,1,2,5,1500,711,1258,551,677
"678","03-Mar-2020","14:05:36",1,1,1,2,5,1507,711,1234,551,678
"679","03-Mar-2020","14:05:36",1,1,1,2,5,1507,711,1205,551,679
"680","03-Mar-2020","14:05:36",1,1,1,2,5,1507,711,1172,551,680
"681","03-Mar-2020","14:05:36",1,1,1,2,5,1504,711,1134,551,681
"682","03-Mar-2020","14:05:36",1,1,1,2,5,1492,710,1090,551,682
"683","03-Mar-2020","14:05:36",1,1,1,2,5,1466,705,1044,551,683
"684","03-Mar-2020","14:05:36",1,1,1,2,5,1406,698,994,551,684
"685","03-Mar-2020","14:05:36",1,1,1,2,5,1307,688,941,551,685
"686","03-Mar-2020","14:05:36",1,1,1,2,5,1256,683,889,551,686
"687","03-Mar-2020","14:05:36",1,1,1,2,5,1176,673,833,551,687
"688","03-Mar-2020","14:05:36",1,1,1,2,5,1116,663,777,551,688
"689","03-Mar-2020","14:05:36",1,1,1,2,5,1083,658,721,551,689
"690","03-Mar-2020","14:05:36",1,1,1,2,5,1036,648,666,551,690
"691","03-Mar-2020","14:05:36",1,1,1,2,5,981,642,613,551,691
"692","03-Mar-2020","14:05:36",1,1,1,2,5,935,634,558,551,692
"693","03-Mar-2020","14:05:36",1,1,1,2,5,910,631,514,551,693
"694","03-Mar-2020","14:05:36",1,1,1,2,5,867,626,470,551,694
"695","03-Mar-2020","14:05:36",1,1,1,2,5,826,619,431,551,695
"696","03-Mar-2020","14:05:36",1,1,1,2,5,802,616,397,551,696
"697","03-Mar-2020","14:05:36",1,1,1,2,5,768,611,369,551,697
"698","03-Mar-2020","14:05:36",1,1,1,2,5,733,606,347,551,698
"699","03-Mar-2020","14:05:36",1,1,1,2,5,714,605,332,551,699
"700","03-Mar-2020","14:05:36",1,1,1,2,5,700,604,324,551,700
"701","03-Mar-2020","14:05:36",1,1,1,2,5,700,604,324,551,701
"702","03-Mar-2020","14:05:36",1,1,1,2,5,700,604,331,551,702
"703","03-Mar-2020","14:05:36",1,1,1,2,5,700,604,345,551,703
"704","03-Mar-2020","14:05:36",1,1,1,2,5,700,604,367,551,704
"705","03-Mar-2020","14:05:36",1,1,1,2,5,700,604,396,551,705
"706","03-Mar-2020","14:05:36",1,1,1,2,5,700,604,432,551,706
"707","03-Mar-2020","14:05:36",1,1,1,2,5,704,604,474,551,707
"708","03-Mar-2020","14:05:36",1,1,1,2,5,715,605,523,551,708
"709","03-Mar-2020","14:05:36",1,1,1,2,5,731,607,576,551,709
"710","03-Mar-2020","14:05:36",1,1,1,2,5,759,608,635,551,710
"711","03-Mar-2020","14:05:36",1,1,1,2,5,797,615,697,551,711
"712","03-Mar-2020","14:05:36",1,1,1,2,5,840,623,763,551,712
"713","03-Mar-2020","14:05:36",1,1,1,2,5,977,638,831,551,713
"714","03-Mar-2020","14:05:36",1,1,1,2,5,1156,655,900,551,714
"715","03-Mar-2020","14:05:36",1,1,1,2,5,1255,670,970,551,715
"716","03-Mar-2020","14:05:36",1,1,1,2,5,1322,680,1039,551,716
"717","03-Mar-2020","14:05:36",1,1,1,2,5,1357,684,1106,551,717
"718","03-Mar-2020","14:05:36",1,1,1,2,5,1390,689,1171,551,718
"719","03-Mar-2020","14:05:36",1,1,1,2,5,1417,692,1233,551,719
"720","03-Mar-2020","14:05:36",1,1,1,2,5,1467,701,1290,551,720
"721","03-Mar-2020","14:05:36",1,1,1,2,5,1487,703,1342,551,721
"722","03-Mar-2020","14:05:36",1,1,1,2,5,1489,703,1389,551,722
"723","03-Mar-2020","14:05:36",1,1,1,2,5,1489,703,1429,551,723
"724","03-Mar-2020","14:05:36",1,1,1,2,5,1489,703,1462,551,724
"725","03-Mar-2020","14:05:36",1,1,1,2,5,1489,703,1488,551,725
"726","03-Mar-2020","14:05:36",1,1,1,2,5,1490,704,1506,551,726
"727","03-Mar-2020","14:05:36",1,1,1,2,5,1497,704,1517,551,727
"728","03-Mar-2020","14:05:36",1,1,1,2,5,1502,705,1520,551,728
"729","03-Mar-2020","14:05:36",1,1,1,2,5,1503,706,1516,551,729
"730","03-Mar-2020","14:05:36",1,1,1,2,5,1503,706,1504,551,730
"731","03-Mar-2020","14:05:36",1,1,1,2,5,1473,706,1486,551,731
"732","03-Mar-2020","14:05:36",1,1,1,2,5,1446,704,1461,551,732
"733","03-Mar-2020","14:05:36",1,1,1,2,5,1390,695,1431,551,733
"734","03-Mar-2020","14:05:36",1,1,1,2,5,1352,690,1396,551,734
"735","03-Mar-2020","14:05:36",1,1,1,2,5,1332,687,1357,551,735
"736","03-Mar-2020","14:05:36",1,1,1,2,5,1308,682,1315,551,736
"737","03-Mar-2020","14:05:36",1,1,1,2,5,1276,679,1271,551,737
"738","03-Mar-2020","14:05:36",1,1,1,2,5,1245,675,1225,551,738
"739","03-Mar-2020","14:05:36",1,1,1,2,5,1202,670,1180,551,739
"740","03-Mar-2020","14:05:36",1,1,1,2,5,1143,662,1136,551,740
"741","03-Mar-2020","14:05:36",1,1,1,2,5,1065,648,1093,551,741
"742","03-Mar-2020","14:05:36",1,1,1,2,5,1029,644,1054,551,742
"743","03-Mar-2020","14:05:36",1,1,1,2,5,961,631,1018,551,743
"744","03-Mar-2020","14:05:36",1,1,1,2,5,899,624,986,551,744
"745","03-Mar-2020","14:05:36",1,1,1,2,5,850,615,961,551,745
"746","03-Mar-2020","14:05:36",1,1,1,2,5,793,606,941,551,746
"747","03-Mar-2020","14:05:36",1,1,1,2,5,743,593,927,551,747
"748","03-Mar-2020","14:05:36",1,1,1,2,5,702,584,920,551,748
"749","03-Mar-2020","14:05:36",1,1,1,2,5,658,578,919,551,749
"750","03-Mar-2020","14:05:36",1,1,1,2,5,607,568,924,551,750
"751","03-Mar-2020","14:05:36",1,1,1,2,5,562,559,938,551,751
"752","03-Mar-2020","14:05:36",1,1,1,2,5,537,549,954,551,752
"753","03-Mar-2020","14:05:36",1,1,1,2,5,519,544,977,551,753
"754","03-Mar-2020","14:05:36",1,1,1,2,5,511,540,1005,551,754
"755","03-Mar-2020","14:05:36",1,1,1,2,5,511,540,1036,551,755
"756","03-Mar-2020","14:05:36",1,1,1,2,5,511,540,1070,551,756
"757","03-Mar-2020","14:05:36",1,1,1,2,5,514,540,1106,551,757
"758","03-Mar-2020","14:05:36",1,1,1,2,5,522,540,1142,551,758
"759","03-Mar-2020","14:05:36",1,1,1,2,5,569,547,1178,551,759
"760","03-Mar-2020","14:05:36",1,1,1,2,5,709,564,1212,551,760
"761","03-Mar-2020","14:05:36",1,1,1,2,5,942,584,1244,551,761
"762","03-Mar-2020","14:05:36",1,1,1,2,5,1094,600,1270,551,762
"763","03-Mar-2020","14:05:36",1,1,1,2,5,1299,634,1292,551,763
"764","03-Mar-2020","14:05:36",1,1,1,2,5,1397,648,1308,551,764
"765","03-Mar-2020","14:05:36",1,1,1,2,5,1412,652,1316,551,765
"766","03-Mar-2020","14:05:36",1,1,1,2,5,1413,653,1318,551,766
"767","03-Mar-2020","14:05:36",1,1,1,2,5,1414,654,1311,551,767
"768","03-Mar-2020","14:05:36",1,1,1,2,5,1414,654,1295,551,768
"769","03-Mar-2020","14:05:36",1,1,1,2,5,1414,654,1271,551,769
"770","03-Mar-2020","14:05:36",1,1,1,2,5,1414,654,1239,551,770
"771","03-Mar-2020","14:05:36",1,1,1,2,5,1415,655,1198,551,771
"772","03-Mar-2020","14:05:36",1,1,1,2,5,1418,655,1151,551,772
"773","03-Mar-2020","14:05:36",1,1,1,2,5,1426,656,1097,551,773
"774","03-Mar-2020","14:05:36",1,1,1,2,5,1426,656,1039,551,774
"775","03-Mar-2020","14:05:36",1,1,1,2,5,1426,656,976,551,775
"776","03-Mar-2020","14:05:36",1,1,1,2,5,1423,656,909,551,776
"777","03-Mar-2020","14:05:36",1,1,1,2,5,1407,654,842,551,777
"778","03-Mar-2020","14:05:36",1,1,1,2,5,1384,652,774,551,778
"779","03-Mar-2020","14:05:36",1,1,1,2,5,1317,640,707,551,779
"780","03-Mar-2020","14:05:36",1,1,1,2,5,1217,629,643,551,780
"781","03-Mar-2020","14:05:36",1,1,1,2,5,1128,622,579,551,781
"782","03-Mar-2020","14:05:36",1,1,1,2,5,1083,615,525,551,782
"783","03-Mar-2020","14:05:36",1,1,1,2,5,1038,610,474,551,783
"784","03-Mar-2020","14:05:36",1,1,1,2,5,1000,606,430,551,784
"785","03-Mar-2020","14:05:36",1,1,1,2,5,974,599,393,551,785
"786","03-Mar-2020","14:05:36",1,1,1,2,5,950,597,364,551,786
"787","03-Mar-2020","14:05:36",1,1,1,2,5,929,593,343,551,787
"788","03-Mar-2020","14:05:36",1,1,1,2,5,911,590,330,551,788
"789","03-Mar-2020","14:05:36",1,1,1,2,5,905,589,327,551,789
"790","03-Mar-2020","14:05:36",1,1,1,2,5,894,587,331,551,790
"791","03-Mar-2020","14:05:36",1,1,1,2,5,867,579,343,551,791
"792","03-Mar-2020","14:05:36",1,1,1,2,5,847,577,362,551,792
"793","03-Mar-2020","14:05:36",1,1,1,2,5,817,572,389,551,793
"794","03-Mar-2020","14:05:36",1,1,1,2,5,792,568,422,551,794
"795","03-Mar-2020","14:05:36",1,1,1,2,5,774,564,460,551,795
"796","03-Mar-2020","14:05:36",1,1,1,2,5,760,563,503,551,796
"797","03-Mar-2020","14:05:36",1,1,1,2,5,753,563,550,551,797
"798","03-Mar-2020","14:05:36",1,1,1,2,5,753,562,599,551,798
"799","03-Mar-2020","14:05:36",1,1,1,2,5,753,562,650,551,799
"800","03-Mar-2020","14:05:36",1,1,1,2,5,753,562,702,551,800
"801","03-Mar-2020","14:05:36",1,1,1,2,5,753,562,753,551,801
"802","03-Mar-2020","14:05:36",1,1,1,2,5,753,562,804,551,802
"803","03-Mar-2020","14:05:36",1,1,1,2,5,790,563,853,551,803
"804","03-Mar-2020","14:05:36",1,1,1,2,5,878,568,899,551,804
"805","03-Mar-2020","14:05:36",1,1,1,2,5,929,575,942,551,805
"806","03-Mar-2020","14:05:36",1,1,1,2,5,1016,588,982,551,806
"807","03-Mar-2020","14:05:36",1,1,1,2,5,1060,595,1017,551,807
"808","03-Mar-2020","14:05:36",1,1,1,2,5,1087,599,1047,551,808
"809","03-Mar-2020","14:05:36",1,1,1,2,5,1123,604,1073,551,809
"810","03-Mar-2020","14:05:36",1,1,1,2,5,1139,606,1093,551,810
"811","03-Mar-2020","14:05:36",1,1,1,2,5,1146,608,1108,551,811
"812","03-Mar-2020","14:05:36",1,1,1,2,5,1152,609,1119,551,812
"813","03-Mar-2020","14:05:36",1,1,1,2,5,1158,610,1124,551,813
"814","03-Mar-2020","14:05:36",1,1,1,2,5,1188,614,1125,551,814
"815","03-Mar-2020","14:05:36",1,1,1,2,5,1198,615,1122,551,815
"816","03-Mar-2020","14:05:36",1,1,1,2,5,1214,618,1115,551,816
"817","03-Mar-2020","14:05:36",1,1,1,2,5,1217,618,1105,551,817
"818","03-Mar-2020","14:05:36",1,1,1,2,5,1217,618,1092,551,818
"819","03-Mar-2020","14:05:36",1,1,1,2,5,1217,618,1077,551,819
"820","03-Mar-2020","14:05:36",1,1,1,2,5,1217,618,1060,551,820
"821","03-Mar-2020","14:05:36",1,1,1,2,5,1217,618,1043,551,821
"822","03-Mar-2020","14:05:36",1,1,1,2,5,1215,618,1025,551,822
"823","03-Mar-2020","14:05:36",1,1,1,2,5,1206,618,1007,551,823
"824","03-Mar-2020","14:05:36",1,1,1,2,5,1188,614,990,551,824
"825","03-Mar-2020","14:05:36",1,1,1,2,5,1141,607,974,551,825
"826","03-Mar-2020","14:05:36",1,1,1,2,5,1061,597,959,551,826
"827","03-Mar-2020","14:05:36",1,1,1,2,5,953,581,947,551,827
"828","03-Mar-2020","14:05:36",1,1,1,2,5,895,572,937,551,828
"829","03-Mar-2020","14:05:36",1,1,1,2,5,851,562,930,551,829
"830","03-Mar-2020","14:05:36",1,1,1,2,5,828,556,926,551,830
"831","03-Mar-2020","14:05:36",1,1,1,2,5,820,555,925,551,831
"832","03-Mar-2020","14:05:36",1,1,1,2,5,800,554,927,551,832
"833","03-Mar-2020","14:05:36",1,1,1,2,5,786,553,932,551,833
"834","03-Mar-2020","14:05:36",1,1,1,2,5,783,552,940,551,834
"835","03-Mar-2020","14:05:36",1,1,1,2,5,781,552,952,551,835
"836","03-Mar-2020","14:05:36",1,1,1,2,5,781,552,966,551,836
"837","03-Mar-2020","14:05:36",1,1,1,2,5,781,552,982,551,837
"838","03-Mar-2020","14:05:36",1,1,1,2,5,783,551,1001,551,838
"839","03-Mar-2020","14:05:36",1,1,1,2,5,813,552,1022,551,839
"840","03-Mar-2020","14:05:36",1,1,1,2,5,881,570,1044,551,840
"841","03-Mar-2020","14:05:36",1,1,1,2,5,951,575,1068,551,841
"842","03-Mar-2020","14:05:36",1,1,1,2,5,1030,590,1091,551,842
"843","03-Mar-2020","14:05:36",1,1,1,2,5,1067,595,1116,551,843
"844","03-Mar-2020","14:05:36",1,1,1,2,5,1091,597,1139,551,844
"845","03-Mar-2020","14:05:36",1,1,1,2,5,1123,601,1162,551,845
"846","03-Mar-2020","14:05:36",1,1,1,2,5,1173,608,1184,551,846
"847","03-Mar-2020","14:05:36",1,1,1,2,5,1211,610,1205,551,847
"848","03-Mar-2020","14:05:36",1,1,1,2,5,1224,613,1222,551,848
"849","03-Mar-2020","14:05:36",1,1,1,2,5,1246,619,1238,551,849
"850","03-Mar-2020","14:05:36",1,1,1,2,5,1257,621,1251,551,850
"851","03-Mar-2020","14:05:36",1,1,1,2,5,1261,622,1260,551,851
"852","03-Mar-2020","14:05:36",1,1,1,2,5,1282,625,1266,551,852
"853","03-Mar-2020","14:05:36",1,1,1,2,5,1296,627,1268,551,853
"854","03-Mar-2020","14:05:36",1,1,1,2,5,1298,628,1266,551,854
"855","03-Mar-2020","14:05:36",1,1,1,2,5,1299,628,1261,551,855
"856","03-Mar-2020","14:05:36",1,1,1,2,5,1302,629,1251,551,856
"857","03-Mar-2020","14:05:36",1,1,1,2,5,1302,629,1237,551,857
"858","03-Mar-2020","14:05:36",1,1,1,2,5,1302,629,1219,551,858
"859","03-Mar-2020","14:05:36",1,1,1,2,5,1302,629,1197,551,859
"860","03-Mar-2020","14:05:36",1,1,1,2,5,1302,629,1172,551,860
"861","03-Mar-2020","14:05:36",1,1,1,2,5,1302,629,1142,551,861
"862","03-Mar-2020","14:05:36",1,1,1,2,5,1281,629,1110,551,862
"863","03-Mar-2020","14:05:36",1,1,1,2,5,1241,620,1074,551,863
"864","03-Mar-2020","14:05:36",1,1,1,2,5,1193,619,1035,551,864
"865","03-Mar-2020","14:05:36",1,1,1,2,5,1113,610,994,551,865
"866","03-Mar-2020","14:05:36",1,1,1,2,5,1058,602,952,551,866
"867","03-Mar-2020","14:05:36",1,1,1,2,5,1014,595,907,551,867
"868","03-Mar-2020","14:05:36",1,1,1,2,5,993,593,863,551,868
"869","03-Mar-2020","14:05:36",1,1,1,2,5,944,589,818,551,869
"870","03-Mar-2020","14:05:36",1,1,1,2,5,888,584,773,551,870
"871","03-Mar-2020","14:05:36",1,1,1,2,5,856,578,729,551,871
"872","03-Mar-2020","14:05:36",1,1,1,2,5,812,571,686,551,872
"873","03-Mar-2020","14:05:36",1,1,1,2,5,772,566,645,551,873
"874","03-Mar-2020","14:05:36",1,1,1,2,5,746,562,606,551,874
"875","03-Mar-2020","14:05:36",1,1,1,2,5,722,560,571,551,875
"876","03-Mar-2020","14:05:36",1,1,1,2,5,716,558,539,551,876
"877","03-Mar-2020","14:05:36",1,1,1,2,5,710,558,509,551,877
"878","03-Mar-2020","14:05:36",1,1,1,2,5,707,557,486,551,878
"879","03-Mar-2020","14:05:36",1,1,1,2,5,694,555,466,551,879
"880","03-Mar-2020","14:05:36",1,1,1,2,5,684,553,452,551,880
"881","03-Mar-2020","14:05:36",1,1,1,2,5,678,552,443,551,881
"882","03-Mar-2020","14:05:36",1,1,1,2,5,672,551,439,551,882
"883","03-Mar-2020","14:05:36",1,1,1,2,5,668,550,441,551,883
"884","03-Mar-2020","14:05:36",1,1,1,2,5,668,550,449,551,884
"885","03-Mar-2020","14:05:36",1,1,1,2,5,668,550,463,551,885
"886","03-Mar-2020","14:05:36",1,1,1,2,5,668,550,483,551,886
"887","03-Mar-2020","14:05:36",1,1,1,2,5,668,550,509,551,887
"888","03-Mar-2020","14:05:36",1,1,1,2,5,668,550,541,551,888
"889","03-Mar-2020","14:05:36",1,1,1,2,5,668,550,578,551,889
"890","03-Mar-2020","14:05:36",1,1,1,2,5,668,550,621,551,890
"891","03-Mar-2020","14:05:36",1,1,1,2,5,668,550,668,551,891
"892","03-Mar-2020","14:05:36",1,1,1,2,5,668,550,720,551,892
"893","03-Mar-2020","14:05:36",1,1,1,2,5,668,550,776,551,893
"894","03-Mar-2020","14:05:36",1,1,1,2,5,668,550,835,551,894
"895","03-Mar-2020","14:05:36",1,1,1,2,5,668,550,897,551,895
"896","03-Mar-2020","14:05:36",1,1,1,2,5,668,550,960,551,896
"897","03-Mar-2020","14:05:36",1,1,1,2,5,695,550,1026,551,897
"898","03-Mar-2020","14:05:36",1,1,1,2,5,717,551,1092,551,898
"899","03-Mar-2020","14:05:36",1,1,1,2,5,747,553,1157,551,899
"900","03-Mar-2020","14:05:36",1,1,1,2,5,783,558,1221,551,900
"901","03-Mar-2020","14:05:36",1,1,1,2,5,821,564,1284,551,901
"902","03-Mar-2020","14:05:36",1,1,1,2,5,873,577,1343,551,902
"903","03-Mar-2020","14:05:36",1,1,1,2,5,939,585,1399,551,903
"904","03-Mar-2020","14:05:36",1,1,1,2,5,967,590,1451,551,904
"905","03-Mar-2020","14:05:36",1,1,1,2,5,1010,598,1497,551,905
"906","03-Mar-2020","14:05:36",1,1,1,2,5,1068,606,1537,551,906
"907","03-Mar-2020","14:05:36",1,1,1,2,5,1151,618,1571,551,907
"908","03-Mar-2020","14:05:36",1,1,1,2,5,1185,624,1597,551,908
"909","03-Mar-2020","14:05:36",1,1,1,2,5,1226,628,1616,551,909
"910","03-Mar-2020","14:05:36",1,1,1,2,5,1243,631,1627,551,910
"911","03-Mar-2020","14:05:36",1,1,1,2,5,1246,632,1630,551,911
"912","03-Mar-2020","14:05:36",1,1,1,2,5,1264,637,1624,551,912
"913","03-Mar-2020","14:05:36",1,1,1,2,5,1304,641,1610,551,913
"914","03-Mar-2020","14:05:36",1,1,1,2,5,1316,643,1588,551,914
"915","03-Mar-2020","14:05:36",1,1,1,2,5,1323,645,1558,551,915
"916","03-Mar-2020","14:05:36",1,1,1,2,5,1323,645,1521,551,916
"917","03-Mar-2020","14:05:36",1,1,1,2,5,1323,645,1477,551,917
"918","03-Mar-2020","14:05:36",1,1,1,2,5,1323,645,1428,551,918
"919","03-Mar-2020","14:05:36",1,1,1,2,5,1323,645,1374,551,919
"920","03-Mar-2020","14:05:36",1,1,1,2,5,1323,645,1316,551,920
"921","03-Mar-2020","14:05:36",1,1,1,2,5,1323,645,1257,551,921
"922","03-Mar-2020","14:05:36",1,1,1,2,5,1323,645,1196,551,922
"923","03-Mar-2020","14:05:36",1,1,1,2,5,1323,645,1135,551,923
"924","03-Mar-2020","14:05:36",1,1,1,2,5,1323,645,1076,551,924
"925","03-Mar-2020","14:05:36",1,1,1,2,5,1314,645,1020,551,925
"926","03-Mar-2020","14:05:36",1,1,1,2,5,1261,643,969,551,926
"927","03-Mar-2020","14:05:36",1,1,1,2,5,1190,635,923,551,927
"928","03-Mar-2020","14:05:36",1,1,1,2,5,1027,617,883,551,928
"929","03-Mar-2020","14:05:36",1,1,1,2,5,865,594,851,551,929
"930","03-Mar-2020","14:05:36",1,1,1,2,5,799,580,826,551,930
"931","03-Mar-2020","14:05:36",1,1,1,2,5,748,573,809,551,931
"932","03-Mar-2020","14:05:36",1,1,1,2,5,716,566,801,551,932
"933","03-Mar-2020","14:05:36",1,1,1,2,5,696,564,801,551,933
"934","03-Mar-2020","14:05:36",1,1,1,2,5,681,562,808,551,934
"935","03-Mar-2020","14:05:36",1,1,1,2,5,648,557,823,551,935
"936","03-Mar-2020","14:05:36",1,1,1,2,5,611,554,845,551,936
"937","03-Mar-2020","14:05:36",1,1,1,2,5,588,551,872,551,937
"938","03-Mar-2020","14:05:36",1,1,1,2,5,563,546,905,551,938
"939","03-Mar-2020","14:05:36",1,1,1,2,5,546,543,940,551,939
"940","03-Mar-2020","14:05:36",1,1,1,2,5,535,541,978,551,940
"941","03-Mar-2020","14:05:36",1,1,1,2,5,531,539,1017,551,941
"942","03-Mar-2020","14:05:36",1,1,1,2,5,531,539,1055,551,942
"943","03-Mar-2020","14:05:36",1,1,1,2,5,531,539,1091,551,943
"944","03-Mar-2020","14:05:36",1,1,1,2,5,531,539,1124,551,944
"945","03-Mar-2020","14:05:36",1,1,1,2,5,531,539,1152,551,945
"946","03-Mar-2020","14:05:36",1,1,1,2,5,535,539,1175,551,946
"947","03-Mar-2020","14:05:36",1,1,1,2,5,579,540,1191,551,947
"948","03-Mar-2020","14:05:36",1,1,1,2,5,769,557,1200,551,948
"949","03-Mar-2020","14:05:36",1,1,1,2,5,963,584,1201,551,949
"950","03-Mar-2020","14:05:36",1,1,1,2,5,1097,594,1193,551,950
"951","03-Mar-2020","14:05:36",1,1,1,2,5,1210,605,1177,551,951
"952","03-Mar-2020","14:05:36",1,1,1,2,5,1266,612,1153,551,952
"953","03-Mar-2020","14:05:36",1,1,1,2,5,1297,618,1120,551,953
"954","03-Mar-2020","14:05:36",1,1,1,2,5,1316,619,1080,551,954
"955","03-Mar-2020","14:05:36",1,1,1,2,5,1335,623,1033,551,955
"956","03-Mar-2020","14:05:36",1,1,1,2,5,1336,623,981,551,956
"957","03-Mar-2020","14:05:36",1,1,1,2,5,1336,623,923,551,957
"958","03-Mar-2020","14:05:36",1,1,1,2,5,1335,623,862,551,958
"959","03-Mar-2020","14:05:36",1,1,1,2,5,1325,623,798,551,959
"960","03-Mar-2020","14:05:36",1,1,1,2,5,1304,621,733,551,960
"961","03-Mar-2020","14:05:36",1,1,1,2,5,1253,612,669,551,961
"962","03-Mar-2020","14:05:36",1,1,1,2,5,1181,599,606,551,962
